installer.asm:
     1                          	INCLUDE "msx.inc"
msx.inc:
     1                          ; msx.inc
     2                          ;
     3                          ; MSX constants and definitions for DOS1 and DOS2
     4                          ; ------------------------------------------------------------------------------
     5                          
     6                          BOT16K	EQU	0C000H			; lower of 16 KB RAM
     7                          BOT32K	EQU	08000H			; lower of 32 KB RAM
     8                          BOOTSZ	EQU	256			; maximum size of MSX bootloader in bootsector
     9                          TMPSTK	EQU	BOT16K+BOOTSZ+256	; location of temporary stack
    10                          TBASE	EQU	00100H			; start of MSX-DOS
    11                          
    12                          ; ------------------------------------------------------------------------------
    13                          ; P0: BIOS or BDOS 2 kernel
    14                          
    15                          WBOOT  	EQU     0000H
    16                          KBDOS   EQU     0005H
    17                          RDSLT   EQU     000CH
    18                          WRSLT	EQU	0014H
    19                          CALSLT  EQU     001CH
    20                          ENASLT  EQU     0024H
    21                          IDBYT0  EQU     002BH
    22                          IDBYT2  EQU     002DH
    23                          CALLF	EQU	0030H
    24                          CHAR_16 EQU     0034H
    25                          KEYINT	EQU	0038H
    26                          SSLOT   EQU     003BH
    27                          SSLOTE  EQU     004BH
    28                          SSLOTL	EQU	0046H
    29                          LDIRMV  EQU     0059H
    30                          LDIRVM  EQU     005CH
    31                          ALL_SEG	EQU	005CH		; BDOS
    32                          FRE_SEG	EQU	005FH		; BDOS
    33                          DBUF    EQU     0080H
    34                          A0080	EQU	0080H		; BDOS
    35                          A0083	EQU	0083H		; BDOS
    36                          A0086	EQU	0086H		; BODS
    37                          CHSNS   EQU     009CH
    38                          CHGET   EQU     009FH
    39                          CHPUT   EQU     00A2H
    40                          LPTOUT  EQU     00A5H
    41                          LPTSTT  EQU     00A8H
    42                          BREAKX  EQU     00B7H
    43                          CKCNTC  EQU     00BDH
    44                          ERAFNK  EQU     00CCH
    45                          TOTEXT  EQU     00D2H
    46                          SNSMAT  EQU     0141H
    47                          PHYDIO	EQU	0144H
    48                          KILBUF  EQU     0156H
    49                          CALBAS  EQU     0159H
    50                          CHGCPU	EQU	0180H		; TURBO R
    51                          GETCPU	EQU	0183H		; TURBO R
    52                          DECSUB  EQU     268CH
    53                          DECADD  EQU     269AH
    54                          DECDIV  EQU     289FH
    55                          VMOVE   EQU     2EF3H
    56                          VMOVFM  EQU     2F08H
    57                          VMOVMF  EQU     2F10H
    58                          MAKINT  EQU     2F99H
    59                          CONDS   EQU     3042H
    60                          INT     EQU     30D1H		; integer part of float
    61                          SGNMUL  EQU     325CH
    62                          NULSTR  EQU     3FD6H
    63                          
    64                          ; ------------------------------------------------------------------------------
    65                          ; P1: disk rom or basic rom
    66                          
    67                          A4010	EQU	04010H		; DSKIO
    68                          A401F	EQU	0401FH		; MTOFF
    69                          BASENT  EQU     04022H		; Start DiskBASIC
    70                          A4043	EQU	04043H		; EXTBIO handler DOS2
    71                          A4049	EQU	04049H		; H.TIMI handler
    72                          ERROR   EQU     0406FH          ; BASIC error
    73                          READYR  EQU     0409BH          ; restart BASIC
    74                          NTSTOP  EQU     04173H          ; execute statement
    75                          LINKER  EQU     04253H          ; recalculate linepointers
    76                          NEWSTT  EQU     04601H          ; execution loop
    77                          CHRGTR  EQU     04666H          ; CHRGTR
    78                          FLTLIN  EQU     046FFH          ; convert to SNG
    79                          INTID2  EQU     04756H          ; evaluate word operand and check for 0-32767 range
    80                          FINPRT  EQU     04AFFH          ; output back to screen
    81                          FRMEQL  EQU     04C5FH          ; evaluate =expression
    82                          FRMEVL  EQU     04C64H          ; evaluate expression
    83                          DOCNVF  EQU     0517AH          ; convert DAC to other type
    84                          GETIN2  EQU     0520FH          ; evaluate integer operand
    85                          GTBYTC  EQU     0521BH          ; evaluate next byte operand
    86                          GETBYT  EQU     0521CH          ; evaluate byte operand
    87                          CONINT  EQU     0521FH          ; convert to byte
    88                          JPFOUT  EQU     0537BH          ; convert DAC to text, unformatted (JPFOUT is not an offical name)
    89                          GETUIN  EQU     0542FH          ; evaluate address operand
    90                          GETUI   EQU     05432H          ; convert address to integer
    91                          SCCPTR  EQU     054F7H          ; convert pointers to linenumbers
    92                          GETYPR  EQU     05597H          ; GETYPR
    93                          PTRGET  EQU     05EA4H          ; get address of variable
    94                          STRINI  EQU     06627H          ; allocate temp string
    95                          GETSPA  EQU     0668EH          ; allocate string space
    96                          FRESTR  EQU     067D0H          ; free temporary string
    97                          FILEVL  EQU     06A0EH          ; evaluate filespecification
    98                          FILIDX  EQU     06A6DH          ; get i/o channel pointer
    99                          OPNFIL  EQU     06AFAH          ; open i/o channel
   100                          CLSFIL  EQU     06B24H          ; close i/o channel
   101                          CLSALL  EQU     06C1CH          ; close all i/o channels
   102                          NOSKCR  EQU     06E41H          ; resume character putback routine
   103                          BSAVE   EQU     06E92H          ; start of BSAVE routine
   104                          BLOAD   EQU     06EC6H          ; start of BLOAD routine
   105                          BLDFIN  EQU     06EF4H          ; finish BLOAD
   106                          ADRGET  EQU     06F0BH          ; evaluate address operand (BLOAD/SAVE)
   107                          M6F0B   EQU     06F0BH          ; evaluate address operand (BLOAD/SAVE) (DOS1)
   108                          PARDEV  EQU     06F15H          ; skip strong cassette devicecheck
   109                          CRDONZ  EQU     07323H          ; newline to OUTDO if not at start of line
   110                          CRDO    EQU     07328H          ; newline to OUTDO
   111                          M739A   EQU     0739AH          ; quit loading & start (headloop/executing)
   112                          M7D17   EQU     07D17H          ; continue start of MSX-BASIC without executing BASIC programs in ROM
   113                          M7D2F   EQU     07D2FH          ; address initialize BASIC screen
   114                          M7D31   EQU     07D31H          ; BASIC initscreen (without INITXT & CNSDFG)
   115                          M7DE9   EQU     07DE9H          ; start MSX-BASIC program in ROM
   116                          M7E14   EQU     07E14H          ; start MSX-BASIC program in ROM (DOS1)
   117                          
   118                          
   119                          ; ------------------------------------------------------------------------------
   120                          ; P2: workarea DOS 2
   121                          
   122                          ISB062	EQU	0B062H
   123                          D_B064  EQU     0B064H  	; --SL-
   124                          I_B066  EQU     0B066H  	; ----I
   125                          ISB069  EQU     0B069H  	; ----I
   126                          D_B06C  EQU     0B06CH  	; --S-I
   127                          I_B0D0  EQU     0B0D0H  	; ----I
   128                          I_B1CF  EQU     0B1CFH  	; ----I
   129                          I_B1D0  EQU     0B1D0H  	; ----I
   130                          ISB1D1  EQU     0B1D1H  	; ----I
   131                          ISB1D2  EQU     0B1D2H  	; ----I
   132                          I_B2D4  EQU     0B2D4H  	; ----I
   133                          D_B400  EQU     0B400H  	; --SL-
   134                          I_B6D4  EQU     0B6D4H  	; ----I
   135                          ISB6F2  EQU     0B6F2H  	; ----I
   136                          DSB6FA  EQU     0B6FAH  	; --S--
   137                          DSB6FB  EQU     0B6FBH  	; --S--
   138                          DSB6FD  EQU     0B6FDH  	; ---L-
   139                          I_B8D4  EQU     0B8D4H  	; ----I
   140                          I_B8F4  EQU     0B8F4H  	; ----I
   141                          ISB901  EQU     0B901H  	; ----I
   142                          I_B910  EQU     0B910H  	; ----I
   143                          I_B91B  EQU     0B91BH  	; ----I
   144                          I_B926  EQU     0B926H  	; ----I
   145                          ISB931  EQU     0B931H  	; ----I
   146                          ISB933  EQU     0B933H  	; ----I
   147                          ISB973  EQU     0B973H  	; ----I
   148                          I_B975  EQU     0B975H  	; ----I
   149                          D_B976  EQU     0B976H  	; --SL-
   150                          D_B977  EQU     0B977H  	; --SL-
   151                          I_B99A  EQU     0B99AH  	; ----I
   152                          I_B9DA  EQU     0B9DAH  	; ----I
   153                          ISB9DB  EQU     0B9DBH  	; ----I
   154                          DSB9E8  EQU     0B9E8H  	; ---L-
   155                          D_B9EF  EQU     0B9EFH  	; ---LI
   156                          DSB9F1  EQU     0B9F1H  	; --S--
   157                          D_B9F3  EQU     0B9F3H  	; ---L-
   158                          I_B9F4  EQU     0B9F4H  	; ----I
   159                          D_B9F8  EQU     0B9F8H  	; ---L-
   160                          I_B9FA  EQU     0B9FAH  	; ----I
   161                          I_B9FF  EQU     0B9FFH  	; ----I
   162                          D_BA07  EQU     0BA07H  	; ---LI
   163                          DSBA08  EQU     0BA08H  	; ---L-
   164                          D_BA09  EQU     0BA09H  	; --S--
   165                          DSBA0B  EQU     0BA0BH  	; ---L-
   166                          I_BA1A  EQU     0BA1AH  	; ----I
   167                          I_BA23  EQU     0BA23H  	; ----I
   168                          I_BA25  EQU     0BA25H  	; ----I
   169                          D_BA33  EQU     0BA33H  	; --SL-
   170                          I_BA35  EQU     0BA35H  	; ----I
   171                          I_BA75  EQU     0BA75H  	; ----I
   172                          D_BB76  EQU     0BB76H  	; ---LI
   173                          D_BB77  EQU     0BB77H  	; --SL-
   174                          D_BB78  EQU     0BB78H  	; --SL-
   175                          D_BB7A  EQU     0BB7AH  	; --SL-
   176                          D_BB7B  EQU     0BB7BH  	; --SL-
   177                          D_BB7C  EQU     0BB7CH  	; --SL-
   178                          D_BB7D  EQU     0BB7DH  	; --SL-
   179                          D_BB7F  EQU     0BB7FH  	; --SL-
   180                          D_BB80  EQU     0BB80H  	; --SLI		IY variables base address (kernel uses: BB80 - BC00)
   181                          D_BB82  EQU     0BB82H  	; --SL-
   182                          D_BB84  EQU     0BB84H  	; --SL-
   183                          D_BB86  EQU     0BB86H  	; --SLI
   184                          D_BB87  EQU     0BB87H  	; --S--
   185                          DSBB89  EQU     0BB89H  	; --S--
   186                          D_BB8A  EQU     0BB8AH  	; --S-I
   187                          D_BB8B  EQU     0BB8BH  	; --SL-
   188                          D_BB8D  EQU     0BB8DH  	; --SLI
   189                          D_BB8E  EQU     0BB8EH  	; --S--
   190                          DSBB8F  EQU     0BB8FH  	; --S--
   191                          D_BB90  EQU     0BB90H  	; --SL-
   192                          D_BB91  EQU     0BB91H  	; --SL-
   193                          D_BB92  EQU     0BB92H  	; ---LI
   194                          DSBB93  EQU     0BB93H  	; --S--
   195                          D_BB95  EQU     0BB95H  	; --SL-
   196                          D_BB96  EQU     0BB96H  	; --SL-
   197                          D_BB98  EQU     0BB98H  	; --SL-
   198                          DSBB99  EQU     0BB99H  	; ---L-
   199                          D_BB9A  EQU     0BB9AH  	; --SL-
   200                          D_BB9C  EQU     0BB9CH  	; ---L-
   201                          D_BB9E  EQU     0BB9EH  	; --SL-
   202                          DSBBA2  EQU     0BBA2H  	; --S--
   203                          D_BBA3  EQU     0BBA3H  	; --SL-
   204                          D_BBA5  EQU     0BBA5H  	; --S-I
   205                          DSBBA6  EQU     0BBA6H		; --S--
   206                          D_BBA7  EQU     0BBA7H  	; --SL-
   207                          D_BBAA  EQU     0BBAAH  	; --SL-
   208                          D_BBAB  EQU     0BBABH  	; --SL-
   209                          D_BBAD  EQU     0BBADH  	; --SL-
   210                          DSBBAF  EQU     0BBAFH  	; --S--
   211                          D_BBB2  EQU     0BBB2H  	; --S--
   212                          D_BBB4  EQU     0BBB4H  	; --SL-
   213                          D_BBB6  EQU     0BBB6H  	; --SL-
   214                          D_BBB8  EQU     0BBB8H  	; --SL-
   215                          D_BBB9  EQU     0BBB9H  	; --SL-
   216                          D_BBBB  EQU     0BBBBH  	; --SL-
   217                          D_BBBC  EQU     0BBBCH  	; --SL-
   218                          D_BBBE  EQU     0BBBEH  	; --SL-
   219                          DSBBBF  EQU     0BBBFH  	; --S--
   220                          D_BBC0  EQU     0BBC0H  	; --SL-
   221                          D_BBC2  EQU     0BBC2H  	; --SL-
   222                          D_BBC4  EQU     0BBC4H  	; --SL-
   223                          I_BBC5  EQU     0BBC5H  	; ----I
   224                          I_BBC6  EQU     0BBC6H  	; ----I
   225                          I_BBD2  EQU     0BBD2H  	; ----I
   226                          D_BBDE  EQU     0BBDEH  	; --S-I
   227                          D_BBDF  EQU     0BBDFH  	; ---L-
   228                          D_BBE0  EQU     0BBE0H  	; --SL-
   229                          D_BBE1  EQU     0BBE1H  	; --SL-
   230                          D_BBE2  EQU     0BBE2H  	; --SL-
   231                          D_BBE4  EQU     0BBE4H  	; --SL-
   232                          D_BBE6  EQU     0BBE6H  	; --SL-
   233                          D_BBE8  EQU     0BBE8H  	; --SL-
   234                          D_BBEA  EQU     0BBEAH  	; --SL-
   235                          D_BBEB  EQU     0BBEBH  	; --SL-
   236                          D_BBED  EQU     0BBEDH  	; --SL-
   237                          D_BBEE  EQU     0BBEEH  	; --SLI
   238                          D_BBF0  EQU     0BBF0H  	; --SL-
   239                          D_BBF2  EQU     0BBF2H  	; --S-I
   240                          D_BBF4  EQU     0BBF4H  	; --SL-
   241                          ISBBF5  EQU     0BBF5H  	; ----I
   242                          D_BBF6  EQU     0BBF6H  	; --SL-
   243                          D_BBF8  EQU     0BBF8H  	; --SLI
   244                          I_BBFA  EQU     0BBFAH  	; ----I
   245                          D_BBFB  EQU     0BBFBH  	; ---LI
   246                          DSBBFD  EQU     0BBFDH  	; --S--
   247                          D_BBFE  EQU     0BBFEH  	; --SLI
   248                          ISBBFF  EQU     0BBFFH
   249                          I_BC00	EQU	0BC00H	        ; ----I		ramdisk boot sector
   250                          D_BE00  EQU     0BE00H          ; --SLI		number of ramdisk segments
   251                          I_BE02  EQU     0BE02H          ; ----I		ramdisk segment table
   252                          
   253                          ; ------------------------------------------------------------------------------
   254                          ; P3: system variables, hooks, buffers and paging helper routines
   255                          
   256                          YC000   EQU     0C000H          ; bootsector transferaddress
   257                          CC206   EQU     0C206H          ; debugger breakpoint handler
   258                          
   259                          DATABA	EQU	0F1C9H		; start of disk system static work area
   260                          SPRTBUF	EQU	0F1C9H		; BDOS _STROUT
   261                          JUMPB   EQU     0F1D3H          ; start of handlers jump table
   262                          RD_LDI	EQU	0F1D3H		; transfer to/from page 1
   263                          P0_LDIR EQU     0F1D6H          ; transfer with page 0
   264                          P0_CALL EQU     0F1D9H          ; call main-bios
   265                          SFLUSH  EQU     0F1DCH          ; print string via chput
   266                          GO_DRV  EQU     0F1DFH          ; interslot call with prompt handler
   267                          JP_VEC	EQU	0F1E2H		; start DOS1 style handler
   268                          SIRQ    EQU     0F1E5H		; KEYINT handler
   269                          SRDSLT  EQU     0F1E8H		; RDSLT handler
   270                          SWRSLT  EQU     0F1EBH		; WRSLT handler
   271                          SCALSLT EQU     0F1EEH		; CALSLT handler
   272                          SENASLT EQU     0F1F1H		; ENASLT handler
   273                          SCALLF  EQU     0F1F4H		; CALLF handler
   274                          PUT_BD  EQU     0F1F7H          ; enable BDOS segments
   275                          PUT_US  EQU     0F1FAH          ; enable DOS segments
   276                          P0_RAM	EQU	0F1FDH		; enable DOS RAM on page 0
   277                          MAP_VE  EQU     0F200H
   278                          RD_SEG	EQU	0F206H		; RD_SEG handler
   279                          WR_SEG  EQU     0F209H          ; WR_SEG handler
   280                          PUT_P0	EQU	0F218H		; PUT_P0 handler
   281                          GET_P0	EQU	0F21BH		; GET_P0 handler
   282                          PUT_P1	EQU	0F21EH		; PUT_P1 handler
   283                          GET_P1	EQU	0F221H		; GET_P1 handler
   284                          PUT_P2	EQU	0F224H		; PUT_P2 handler
   285                          GET_P2	EQU	0F227H		; GET_P2 handler
   286                          CARPOS  EQU     0F237H          ; BDOS console output columnpos
   287                          STARTP  EQU     0F238H          ; console columnpos at start of lineinput
   288                          INSERT  EQU     0F239H          ; lineinput insert flag
   289                          CRLFPO  EQU     0F23AH          ; lineinput secret message flag
   290                          PFLAG   EQU     0F23BH          ; console output to printer flag
   291                          CUR_DRV	EQU	0F23CH		; default drive
   292                          DIRTYD  EQU     0F23CH          ; directory buffer dirty flag (DOS1)
   293                          DTA_AD  EQU     0F23DH          ; default transfer address
   294                          DMAADD  EQU     0F23DH          ; transferaddress (DOS1)
   295                          BUFSEC  EQU     0F23FH          ; sectornumber in data buffer
   296                          BUFDRN  EQU     0F241H          ; driveid of sector in data buffer
   297                          DIRTYB  EQU     0F242H          ; data buffer dirty flag
   298                          BUFDRI  EQU     0F243H          ; DPB pointer current operation
   299                          DIRBFI  EQU     0F245H          ; sectornumber (offset) in directory buffer
   300                          DIRBFD  EQU     0F246H          ; driveid of sector in directory buffer (DOS1)
   301                          CURDRV  EQU	0F247H		; default driveid (DOS1)
   302                          DAY     EQU     0F248H          ; current day (1..31) (DOS1)
   303                          MONTH   EQU     0F249H          ; current month (1..12) (DOS1)
   304                          YEAR    EQU     0F24AH          ; current year (offset to 1980) (DOS1)
   305                          DAYCNT  EQU     0F24CH          ; current days since 1-1-1980 (DOS1)
   306                          WEEKDA  EQU     0F24EH          ; current day of week (0=sunday) (DOS1)
   307                          HOOKBE  EQU     0F24FH		; -C--I
   308                          H_PROM  EQU     0F24FH          ; prompt for disk hook
   309                          H_BDOS  EQU     0F252H
   310                          H_UNPA  EQU     0F252H          ; get fat entry content hook (DOS1)
   311                          H_UP    EQU     0F255H
   312                          H_DEVN  EQU     0F255H          ; check if devicename hook (DOS1)
   313                          H_16CH  EQU     0F258H
   314                          H_CONT  EQU     0F258H          ; try next direntry hook (DOS1)
   315                          H_CHIN  EQU     0F25BH
   316                          H_GETE  EQU     0F25BH          ; get next direntry hook (DOS1)
   317                          H_CHOU  EQU     0F25EH
   318                          H_NEXT  EQU     0F25EH          ; next direntry hook (DOS1)
   319                          H_CHST  EQU     0F261H
   320                          H_MOVN  EQU     0F261H          ; validate FCB drive and filename hook (DOS1)
   321                          H_CHFL  EQU     0F264H
   322                          H_DOOP  EQU     0F264H          ; fcb open hook (DOS1)
   323                          H_LSTO  EQU     0F267H
   324                          H_FATR  EQU     0F267H          ; get latest FAT hook (DOS1)
   325                          H_LSTS  EQU     0F26AH
   326                          H_GETI  EQU     0F26AH          ; get pointer to DPB of current drive hook (DOS1)
   327                          H_FATW  EQU     0F26DH          ; write FAT hook
   328                          H_DREA  EQU     0F270H          ; read sector hook
   329                          H_FATA  EQU     0F273H          ; diskerror hook
   330                          H_DIRW  EQU     0F276H          ; write dirsector hook
   331                          H_DWRI  EQU     0F279H          ; write sector hook
   332                          H_MUL1  EQU     0F27CH          ; multiply hook
   333                          H_DIV3  EQU     0F27FH          ; divide hook
   334                          H_FNDC  EQU     0F282H          ; get absolute cluster hook
   335                          H_SKPC  EQU     0F285H          ; get next absolute cluster hook
   336                          H_BUFR  EQU     0F288H          ; partical sector read hook
   337                          H_BUFW  EQU     0F28BH          ; partical sector write hook
   338                          H_ENUF  EQU     0F28EH          ; start read recordoperation from disk hook
   339                          H_SETF  EQU     0F291H          ; finish read recordoperation from disk hook
   340                          H_SETC  EQU	0F294H          ; end read recordoperation from disk hook
   341                          H_WRTE  EQU     0F297H          ; record operation error at start hook
   342                          H_NORN  EQU     0F29AH          ; start write recordoperation to disk hook
   343                          H_WRTL  EQU     0F29DH          ; finish write recordoperation to disk hook
   344                          H_OPTI  EQU     0F2A0H          ; calculate sEQUencial sectors hook
   345                          H_FIGR  EQU     0F2A3H          ; get sectornumber of cluster hook
   346                          H_ALLO  EQU     0F2A6H          ; allocate FAT chain hook
   347                          H_RELB  EQU     0F2A9H          ; release FAT chain hook
   348                          H_GETC  EQU     0F2ACH          ; lineinput headloop hook
   349                          H_OUT   EQU     0F2AFH          ; console output hook
   350                          H_DATE  EQU     0F2B2H          ; get time and date for direntry hook
   351                          H_SETY  EQU     0F2B5H          ; setup days in februari hook
   352                          TIM_RA  EQU     0F2B8H  	; ---L-  number of VBLANK interrupts per 1/10 second
   353                          LASTEN  EQU     0F2B8H          ; current direntry number (DOS1)
   354                          TIM_CO  EQU     0F2B9H  	; ----I
   355                          NAME1   EQU     0F2B9H          ; filename1 (DOS1)
   356                          RANDOM  EQU     0F2BAH  	; --SL-  'random' number
   357                          ST_COU  EQU     0F2BDH  	; --S--
   358                          CH_COU  EQU     0F2BEH  	; --SL-
   359                          TIM_TI  EQU     0F2BFH  	; --SL-
   360                          TIMI_S  EQU     0F2C0H  	; J---I
   361                          ATTRIB  EQU     0F2C4H          ; original DR byte FCB
   362                          MAP_TAB EQU     0F2C5H          ; memory mapper table
   363                          NAME2   EQU     0F2C5H          ; filename2 (rename) (DOS1)
   364                          P0_SEG  EQU     0F2C7H          ; current segment page 0
   365                          P1_SEG  EQU     0F2C8H          ; current segment page 1
   366                          P2_SEG  EQU     0F2C9H          ; current segment page 2
   367                          P3_SEG  EQU     0F2CAH          ; current segment page 3
   368                          P0_TPA  EQU     0F2CBH          ; segment page 0 at BDOS entry
   369                          P1_TPA  EQU     0F2CCH          ; segment page 1 at BDOS entry
   370                          P2_TPA  EQU     0F2CDH          ; segment page 2 at BDOS entry
   371                          DATA_S  EQU     0F2CFH		; BDOS data segment
   372                          CODE_S  EQU     0F2D0H		; BDOS code segment
   373                          NAME3   EQU     0F2D0H          ; temporary save for NAME1 and ATTRIB (rename) (DOS1)
   374                          SP_IRQ  EQU     0F2D1H          ; temporary save stackpointer (KEYINT)
   375                          IRQ_ST  EQU     0F2D3H          ; pointer to temporary stack (KEYINT)
   376                          FCALSA  EQU     0F2D5H  	; J---I
   377                          SERR_M  EQU     0F2DAH  	; --S--
   378                          SPROMPT EQU     0F2DCH          ; --S--  pointer to prompt hander
   379                          CREATI  EQU     0F2DCH          ; flag ignore fileattributes (DOS1)
   380                          SECCLU  EQU     0F2DDH          ; current relative sector in cluster
   381                          SBDOS   EQU     0F2DEH  	; --S--
   382                          DSKERR  EQU     0F2DEH          ; result of recordoperation (DOS1)
   383                          TRANS   EQU     0F2DFH          ; flag increase current relative sector in cluster (0 means not)
   384                          SS_TEMP EQU     0F2E0H
   385                          PREREA  EQU     0F2E0H          ; flag flake read (0 means real read) (DOS1)
   386                          RD_ADDR EQU     0F2E1H  	; --SL-
   387                          THISDR  EQU     0F2E1H          ; current driveid (DOS1)
   388                          NEXTAD  EQU     0F2E2H          ; transferaddress for recordoperation
   389                          RD_SNU  EQU     0F2E3H  	; --SL-
   390                          RECPOS  EQU     0F2E4H          ; start record (32 bit) for recordoperation
   391                          RD_SCN  EQU     0F2E5H  	; --SL-
   392                          IX_BDOS EQU     0F2E6H          ; ---L-  temporary save IX register BDOS call
   393                          SP_BDOS EQU     0F2E8H  	; --SL-
   394                          RECCNT  EQU     0F2E8H          ; number of records for recordoperation (DOS1)
   395                          PS_BDOS EQU     0F2EAH		; same as F2EB, but for primary slots
   396                          LASTPO  EQU     0F2EAH          ; current relative cluster of file (DOS1)
   397                          SS_BDOS EQU     0F2EBH		; Secundary slot status when BDOS function handler was executed
   398                          DSK_CHK EQU     0F2ECH
   399                          CLUSNU  EQU     0F2ECH          ; current cluster of file (DOS1)
   400                          SECPOS  EQU     0F2EEH          ; start relative sector for recordoperation
   401                          VALSEC  EQU     0F2F0H          ; relative cluster after fileend for write recordoperation
   402                          BLDCHK  EQU     0F2F1H  	; --S--
   403                          BYTSEC  EQU     0F2F2H          ; start offset in sector for recordoperation
   404                          BSVCHK  EQU     0F2F3H  	; --S--
   405                          BYTPOS  EQU     0F2F4H          ; start fileposition (32 bit) for recordoperation
   406                          BUF_1   EQU     0F2F5H  	; --SL-
   407                          BUF_2   EQU     0F2F7H  	; --SL-
   408                          BYTCT1  EQU     0F2F8H          ; partical sector transfer at start
   409                          BUF_3   EQU     0F2F9H  	; --SL-
   410                          BYTCT2  EQU     0F2FAH          ; partical sector transfer at end
   411                          ERR_BUF EQU     0F2FBH  	; --S--
   412                          SECCNT  EQU     0F2FCH          ; number of complete sectors to transfer
   413                          BOOT_D  EQU     0F2FDH  	; --SL-
   414                          ST_BDOS EQU     0F2FEH          ; --SL- pointer to temporary stack (BDOS)
   415                          ENTFRE  EQU     0F2FEH          ; first free direntry (0FFH if none found) (DOS1)
   416                          READOP  EQU     0F2FFH          ; flag diskoperation (0 if read, 1 if write)
   417                          KDSK_V  EQU     0F300H  	; --S--
   418                          CONTPO  EQU     0F300H          ; pointer to remaining lineinput from CON read record operation (DOS1)
   419                          KAB_VE  EQU     0F302H  	; --S--
   420                          MAXCLS  EQU     0F302H          ; temporary store for maximium cluster (DOS1)
   421                          CPMCAL  EQU     0F306H  	; --S--
   422                          SRCHFC  EQU     0F307H          ; saved pointer to FCB search first, used for search next
   423                          SRCHIX  EQU     0F309H          ; saved pointer to DPB search first, used for search next
   424                          SRCHLO  EQU     0F30BH          ; saved current direntry number search first/next (FFh means invalid)
   425                          FCBEXT  EQU     0F30CH          ; original EX byte FCB
   426                          RAWFLG  EQU     0F30DH		; read after write (verify) flag
   427                          COUNTR  EQU     0F30EH  	; --S--
   428                          KANJTA  EQU     0F30FH  	; ----I  double byte header table
   429                          DOSVER 	EQU     0F313H  	; --SL-
   430                          FUTURE  EQU     0F313H          ; (DOS1)
   431                          P0_64K  EQU     0F314H  	; ---L-  TPA segment table
   432                          P1_64K  EQU     0F315H  	; ---L-
   433                          P2_64K  EQU     0F316H  	; ---L-
   434                          P3_64K  EQU     0F317H
   435                          DISKVE  EQU     0F323H  	; --SLI
   436                          BREAKV  EQU     0F325H  	; --SL-
   437                          AUXBOD  EQU     0F327H  	; ----I
   438                          BDOSBO  EQU     0F331H          ; BDOS hook (MSXHOOK style)
   439                          SDOS1   EQU     0F333H  	; --S--
   440                          KEYVLD  EQU     0F336H          ; flag saved input available (0 = none available)
   441                          KEYCHR  EQU     0F337H          ; save input
   442                          TIMFLG  EQU     0F338H  	; --S--
   443                          F_SPSA  EQU     0F339H          ; saved stackpointer format routine
   444                          PATHNAM EQU     0F33BH  	; --SL-
   445                          CURDAT  EQU	0F33BH          ; days since 1-1-1980, used when no clockchip (DOS1)
   446                          RECSIZE EQU     0F33DH  	; ---L-
   447                          RECSIZ  EQU     0F33DH          ; recordsize GET/PUT recordoperations (DOS1)
   448                          TARGET  EQU     0F33FH  	; --SL-
   449                          NOTFIR	EQU	0F340H		; first start DiskBASIC flag
   450                          RAMAD0  EQU     0F341H
   451                          RAMAD1  EQU     0F342H
   452                          RAMAD2	EQU	0F343H		; slotid DOS ram page 2
   453                          RAMAD3	EQU	0F344H		; slotid DOS ram page 3
   454                          FILMAX  EQU     0F345H          ; maximum number of diskbasic FCB's
   455                          DOSFLG	EQU	0F346H		; MSXDOS started flag
   456                          SNUMDR	EQU	0F347H		; number of drives
   457                          MASTER	EQU	0F348H		; slotid disksystem ROM
   458                          HIMSAV  EQU     0F349H  	; --SL-
   459                          DOSHIM  EQU     0F34BH  	; --SL-
   460                          SSECBUF EQU	0F34DH
   461                          SMAXSEC EQU     0F34FH  	; --S--
   462                          SBUFFE  EQU     0F34FH          ; pointer to datasectorbuffer (DOS1)
   463                          SDIRBUF EQU     0F351H  	; --S--
   464                          SDIRBU  EQU     0F351H		; pointer to directorysectorbuffer (DOS1)
   465                          RM_DPB  EQU     0F353H  	; --S-I
   466                          FCBBAS  EQU     0F353H          ; pointer to the diskbasic FCB's (DOS1)
   467                          SDPBLI  EQU     0F355H  	; ----I
   468                          RSLREG  EQU     0F365H  	; ----I
   469                          SDOSON	EQU	0F368H		; enable disksystem ROM on page 1
   470                          SDOSOF	EQU	0F36BH		; enable TPA RAM on page 2
   471                          XFER	EQU	0F36EH		; transfer to/from TPA RAM on page 2
   472                          SAUXIN  EQU     0F371H
   473                          SAUXOUT EQU     0F374H		;
   474                          SAUXOU  EQU     0F374H          ; auxiliary output routine (DOS1)
   475                          GO_BIOS EQU     0F377H  	; J----
   476                          BLDCHK1 EQU     0F377H          ; routine diskbasic BLOAD (DOS1)
   477                          GO_BDOS EQU     0F37AH  	; J----
   478                          BSVCHK1 EQU     0F37AH          ; routine diskbasic BSAVE (DOS1)
   479                          BDOS  	EQU     0F37DH  	; -C---
   480                          VARWRK	EQU	0F380H		; Start of variable workarea
   481                          RDPRIM  EQU     0F380H
   482                          WRPRIM  EQU     0F385H
   483                          RETRTN	EQU	0F38BH		; on this adres is a simple RET instruction
   484                          CLPRIM  EQU     0F38CH
   485                          CLPRM1  EQU     0F398H
   486                          LINLEN	EQU	0F3B0H
   487                          CRTCNT  EQU     0F3B1H
   488                          CLIKSW	EQU	0F3DBH
   489                          CNSDFG	EQU	0F3DEH
   490                          REPCNT  EQU     0F3F7H          ; time interval until key-repeat
   491                          PUTPNT 	EQU	0F3F8H 		; Address in the keyboard buffer where a character will be written
   492                          GETPNT 	EQU	0F3FAH		; Address in the keyboard buffer where the next character is read
   493                          LPTPOS	EQU	0F415H
   494                          PRTFLG	EQU	0F416H
   495                          CURLIN	EQU	0F41CH
   496                          KBUF    EQU     0F41FH
   497                          YCONTP  EQU     KBUF+58         ; KBUF is reused for temporary buffer buffered input, size 128
   498                          YCONBF  EQU     KBUF+186        ; KBUF is reused for read CON device records, size 127+2 (DOS1)
   499                          BUF	EQU	0F55EH
   500                          TMPBUF	EQU	BUF+10		; temporary buffer (DOS1)
   501                          TTYPOS	EQU	0F661H
   502                          VALTYP	EQU	0F663H
   503                          MEMSIZ	EQU	0F672H
   504                          STKTOP	EQU	0F674H
   505                          TXTTAB	EQU	0F676H
   506                          TEMPPT	EQU	0F678H
   507                          TEMPST  EQU     0F67AH		; (DOS1)
   508                          DSCTMP	EQU	0F698H
   509                          FRETOP	EQU	0F69BH
   510                          AUTLIN	EQU	0F6ABH		; used for biggest sectorsize during disksystem init
   511                          MAXSEC	EQU	0F6ABH		; (DOS1)
   512                          SAVSTK	EQU	0F6B1H
   513                          VARTAB	EQU	0F6C2H
   514                          STREND	EQU	0F6C6H
   515                          DAC	EQU	0F7F6H
   516                          ARG	EQU	0F847H
   517                          MAXFIL	EQU	0F85FH
   518                          FILTAB	EQU	0F860H
   519                          NULBUF	EQU	0F862H
   520                          PTRFIL	EQU	0F864H
   521                          FILNAM	EQU	0F866H
   522                          NLONLY	EQU	0F87CH
   523                          SAVEND	EQU	0F87DH
   524                          HOKVLD	EQU	0FB20H		; EXTBIO valid flag (b0)
   525                          DRVTBL	EQU	0FB21H		; diskdriver table
   526                          HOOKSA	EQU	0FB29H		; diskdriver interrupt table
   527                          BASROM	EQU	0FBB1H
   528                          NEWKEY	EQU	0FBE5H
   529                          BOTTOM	EQU	0FC48H
   530                          HIMEM	EQU	0FC4AH
   531                          INTFLG  EQU     0FC9BH
   532                          JIFFY	EQU	0FC9EH
   533                          ESCCNT  EQU     0FCA7H
   534                          CAPST	EQU	0FCABH
   535                          KANAST	EQU	0FCACH
   536                          FLBMEM	EQU	0FCAEH
   537                          RUNBNF	EQU	0FCBEH
   538                          SAVENT	EQU	0FCBFH
   539                          EXPTBL	EQU	0FCC1H
   540                          SLTTBL	EQU	0FCC5H
   541                          SLTATR  EQU     0FCC9H
   542                          SLTWRK	EQU	0FD09H
   543                          PROCNM	EQU	0FD89H
   544                          DEVICE	EQU	0FD99H		; used temp for diskdriver count
   545                          DISKID	EQU	0FD99H
   546                          H_TIMI  EQU     0FD9FH
   547                          H_DSKO	EQU	0FDEFH
   548                          H_NAME	EQU	0FDF9H
   549                          H_KILL	EQU	0FDFEH
   550                          H_COPY	EQU	0FE08H
   551                          H_DSKF	EQU	0FE12H
   552                          H_DSKI	EQU	0FE17H
   553                          H_LSET	EQU	0FE21H
   554                          H_RSET	EQU	0FE26H
   555                          H_FIEL	EQU	0FE2BH
   556                          H_MKIS	EQU	0FE30H
   557                          H_MKSS	EQU	0FE35H
   558                          H_MKDS	EQU	0FE3AH
   559                          H_CVI	EQU	0FE3FH
   560                          H_CVS	EQU	0FE44H
   561                          H_CVD	EQU	0FE49H
   562                          H_GETP	EQU	0FE4EH
   563                          H_NOFO	EQU	0FE58H
   564                          H_NULO	EQU	0FE5DH
   565                          H_NTFL	EQU	0FE62H
   566                          H_BINS	EQU	0FE71H
   567                          H_BINL	EQU	0FE76H
   568                          H_FILE	EQU	0FE7BH
   569                          H_DGET	EQU	0FE80H
   570                          H_FILO	EQU	0FE85H
   571                          H_INDS	EQU	0FE8AH
   572                          H_LOC	EQU	0FE99H
   573                          H_LOF	EQU	0FE9EH
   574                          H_EOF	EQU	0FEA3H
   575                          H_BAKU	EQU	0FEADH
   576                          H_PARD	EQU	0FEB2H
   577                          H_NODE	EQU	0FEB7H
   578                          H_POSD	EQU	0FEBCH
   579                          H_RUNC	EQU	0FECBH
   580                          H_CLEA	EQU	0FED0H
   581                          H_LOPD	EQU	0FED5H
   582                          H_STKE	EQU	0FEDAH
   583                          H_ERRP	EQU	0FEFDH
   584                          H_PHYD	EQU	0FFA7H
   585                          H_FORM	EQU	0FFACH
   586                          EXTBIO  EQU     0FFCAH
   587                          DISINT	EQU	0FFCFH
   588                          ENAINT	EQU	0FFD4H
   589                          DFFFF   EQU     0FFFFH
   590                          YFFFF   EQU     0FFFFH		; (DOS1)
   591                          
   592                          ; ------------------------------------------------------------------------------
   593                          ; Byte constants
   594                          
   595                          _NCOMP	EQU	0FFH		; incompatible disk
   596                          _WRERR	EQU	0FEH		; write error
   597                          _DISK	EQU	0FDH		; disk error
   598                          _NRDY	EQU	0FCH		; not ready
   599                          _VERFY	EQU	0FBH		; verify error
   600                          _DATA	EQU	0FAH		; data error
   601                          _RNF	EQU	0F9H		; sector not found
   602                          _WPROT	EQU	0F8H		; write protected disk
   603                          _UFORM	EQU	0F7H		; unformatted disk
   604                          _NDOS	EQU	0F6H		; not a DOS disk
   605                          _WDISK	EQU	0F5H		; wrong disk
   606                          _WFILE	EQU	0F4H		; wrong disk for file
   607                          _SEEK	EQU	0F3H		; seek error
   608                          _IFAT	EQU	0F2H		; bad file allocation table
   609                          _NOUPB	EQU	0F1H		;
   610                          _IFORM	EQU	0F0H		; cannot format this drive
   611                          
   612                          _INTER	EQU	0DFH		; internal error
   613                          _NORAM	EQU	0DEH		; not enough memory
   614                          _IBDOS	EQU	0DCH		; invalid BDOS call
   615                          _IDRV	EQU	0DBH		; invalid drive
   616                          _IFNM	EQU	0DAH		; invalid filename
   617                          _IPATH	EQU	0D9H		; invalid pathname
   618                          _PLONG	EQU	0D8H		; pathname too long
   619                          _NOFIL	EQU	0D7H		; file not found
   620                          _NODIR	EQU	0D6H		; directory not found
   621                          _DRFUL	EQU	0D5H		; boot directory full
   622                          _DKFUL	EQU	0D4H		; disk full
   623                          _DUPF	EQU	0D3H		; duplicate filename
   624                          _DIRE	EQU	0D2H		; invalid directory move
   625                          _FILRO	EQU	0D1H		; read only file
   626                          _DIRNE	EQU	0D0H		; directory not empty
   627                          _IATTR	EQU	0CFH		; invalid attributes
   628                          _DOT	EQU	0CEH		; invalid . or .. operation
   629                          _SYSX	EQU	0CDH		; system file exists
   630                          _DIRX	EQU	0CCH		; directory exists
   631                          _FILEX	EQU	0CBH		; file exists
   632                          _FOPEN	EQU	0CAH		; file is already in use
   633                          _OV64K	EQU	0C9H		; cannot transfer above 64K
   634                          _FILE	EQU	0C8H		; file allocation error
   635                          _EOF	EQU	0C7H		; end of file
   636                          _ACCV	EQU	0C6H		; file access violation
   637                          _IPROC	EQU	0C5H		; invalid process id
   638                          _NHAND	EQU	0C4H		; no spare file handles
   639                          _IHAND	EQU	0C3H		; invalid file handle
   640                          _NOPEN	EQU	0C2H		; file handle not open
   641                          _IDEV	EQU	0C1H		; invalid device operation
   642                          _IENV	EQU	0C0H		; invalid environment string
   643                          _ELONG	EQU	0BFH		; environment string too long
   644                          _IDATE	EQU	0BEH		; invalid date
   645                          _ITIME	EQU	0BDH		; invalid time
   646                          _RAMDX	EQU	0BCH		; ram disk already exists
   647                          _NRAMD	EQU	0BBH		; ram disk does not exist
   648                          _HDEAD	EQU	0BAH		; file handle has been deleted
   649                          _EOL	EQU	0B9H		; end of line
   650                          _ISBFN	EQU	0B8H		; invalid sub-function number
   651                          
   652                          _STOP	EQU	09FH
   653                          _CTRLC	EQU	09EH
   654                          _ABORT	EQU	09DH
   655                          _OUTERR EQU	09CH
   656                          _INERR	EQU	09BH
   657                          
   658                          _IPARM	EQU	08BH
   659                          
   660                          ; ------------------------------------------------------------------------------
   661                          ; Structure information
   662                          
   663                          ; FCB structure
   664                          
   665                          ; +0	DR	drive			drive
   666                          ; +1,8	F1-F8	file name		file name
   667                          ; +9,3	T1-T3	filetype		filetype
   668                          ; +12	EX	extent			extent (low byte)
   669                          ; +13	S1	reserved		fileattribute
   670                          ; +14	S2	reserved		extent high byte / record size low byte (block)
   671                          ; +15	RC	record count in extent	record count in extent / record size high byte (block)
   672                          ; +16,4	AL	allocation		Filesize
   673                          ; +20,4	AL	allocation		volume-id
   674                          ; +24	AL	allocation
   675                          ; +25	AL	allocation
   676                          ; +26,2	AL	allocation		start cluster
   677                          ; +28,2	AL	allocation		current cluster
   678                          ; +30,2	AL	allocation		current relative cluster
   679                          ; +32	CR	record in extent	record in extent
   680                          ; +33,3	R0-R2	random access record	random access record
   681                          ; +36	R4	not used		random access record when record size <64
   682                          
   683                          
   684                          ; FIB structure
   685                          
   686                          ; +0		fib indicator (0FFH)
   687                          ; +1,13		file name as an ASCIIZ string
   688                          ; +14		file attributes byte
   689                          ; +15,2		time of last modification
   690                          ; +17,2		date of last modification
   691                          ; +19,2		start cluster
   692                          ; +21,4		file size
   693                          ; +25		logical drive
   694                          ; +26,4		disk serial (if on disk)
   695                          ; +28,2		pointer to device jump table (if device)
   696                          ; +30		device flags
   697                          ; +32,2		pointer to drive table
   698                          ; +34,2		current directory sector
   699                          ; +36		current directory entry in sector
   700                          ; +37,2		cluster number of parent directory
   701                          ; +39,2		start cluster of file
   702                          ; +41,2		current cluster of file
   703                          ; +43,2		current relative cluster of file
   704                          ; +45,4		current file position
   705                          ; +49		open mode
   706                          ; +50
   707                          
   708                          
   709                          ; drive table structure
   710                          
   711                          ; +0		slot id interface
   712                          ; +1		offset (relative to 4000H) of jumptable of interface driver
   713                          ; +2,2		pointer to Drive Parameter Block (DPB) of drive
   714                          ; +4		flags
   715                          ; +5		flags
   716                          ; +6		drive id used within interface driver
   717                          ; +7
   718                          ; +8		drivename
   719                          ; +9		1/10 seconds+2 that disk cannot be changed (0 = init, 1 = error)
   720                          ; +10		cluster mask
   721                          ; +11		cluster shift
   722                          ; +12,2		number of reserved sectors (bootarea)
   723                          ; +14		number of FAT's
   724                          ; +15		remainder of directory entries (no whole sector)
   725                          ; +16		number of directorysectors (whole sectors)
   726                          ; +17		number of sectors per FAT
   727                          ; +18,2		first sector of rootdirectory
   728                          ; +20,2		first sector of data area
   729                          ; +22,2		number of clusters+1 on disk
   730                          ; +24		dirty flag Bit 0 = 1, when on a DOS2 disk file(s) have been deleted
   731                          ; +25,4		volume serial number (0FFFFFFFFH if none)
   732                          ; +29		media descriptor byte of disk
   733                          ; +30,2		starting cluster of current directory (bit 15 = 1 means root)
   734                          ; +32,64	current directory (ASCIIZ) without "drive:\" prefix
   735                          
   736                          
   737                          ; device entry
   738                          
   739                          ; +0,2		pointer to jump table
   740                          ; +2
   741                          ; +8		device flags
   742                          ; +9,11		device name
   743                          ; +10,33
   744                          
   745                          
   746                          ; directory entry
   747                          
   748                          ; +0,8		file name (main)
   749                          ; +8,3		file name (extension)
   750                          ; +11		entry attribute
   751                          ; +12,10	not used
   752                          ; +22,2		time
   753                          ; +24,2		date
   754                          ; +26,2		starting cluster
   755                          ; +28,4		file size
   756                          
installer.asm:
     2                          
     3                                                          ORG                             $100
     4                          
     5  0000  210e00                                            ld	hl,installer
     6  0003  110081                                            ld	de,install
     7  0006  017f00                                            ld	bc,inst_length
     8  0009  edb0                                              ldir
     9  000b  c30081                                            jp                              install
    10                          
    11                          ;##################################################################################################
    12                          
    13                          installer:
    14                          	PHASE	$8100
    15                          
    16  8100  f3                install:	di
    17                          
    18                                                          ; copy driver code to final destination
    19  8101  218d00                                            ld	hl,DRV_CODE		; offset for start of driver code
    20  8104  01be04                                            ld	bc,DRV_LENGTH
    21  8107  1100e2                                            ld                              de,DRV_START
    22  810a  edb0                                              ldir
    23                          
    24  810c  2a7bf3                                            ld                              hl,(0xF37B)
    25  810f  2234e2                                            ld                              (Hook_OriginalCode),hl
    26                          
    27  8112  3ec3                                              ld                              a,0xC3
    28  8114  327af3                                            ld                              (0xF37A),a
    29  8117  2100e2                                            ld                              hl,Hook
    30  811a  227bf3                                            ld                              (0xF37B),hl
    31                          
    32  811d  212400                                            ld	hl,ENASLT
    33  8120  117281                                            ld	de,my_enaslt
    34  8123  010400                                            ld	bc, 4
    35  8126  edb0                                              ldir
    36                          
    37  8128  3ac1fc                                            ld	a,(EXPTBL)		; Main BIOS slot
    38  812b  2600                                              ld	h,$00		; page 0
    39  812d  cd7281                                            call	my_enaslt
    40                          
    41                                                          ; load BASIC in page 1
    42  8130  3ac1fc                                            ld	a,(EXPTBL)		; BASIC slot
    43  8133  2640                                              ld                              h,$40		; page 1
    44  8135  cd7281            	call                            my_enaslt
    45                          
    46  8138  3100e2                                            ld	sp,DRV_START
    47                          
    48                                                          ; allocate memory for the fossil driver
    49  813b  2100e2                                            ld	hl,DRV_START
    50  813e  2249f3                                            ld	(HIMSAV),hl		; set new highmem
    51                          
    52                          sethook:
    53  8141  217681                                            ld	hl,call_system
    54  8144  3a13f3                                            ld                              a,(DOSVER)
    55  8147  fe22                                              cp                              $22		; DOS version 2.2 or higher?
    56  8149  3007                                              jr	nc,cmd_system		; nc=yes
    57                          
    58                                                          ; DOS 1: set default drive and call system command
    59  814b  af                                                xor	a
    60  814c  3247f2                                            ld	(CURDRV),a
    61  814f  217681                                            ld	hl,call_system
    62                          
    63                                                          ; jump to basic and do _system
    64                                                          ; use code snippet from ramhelpr.asm by Konamiman
    65                          cmd_system:
    66  8152  e5                	push	hl
    67  8153  af                                                xor	a
    68  8154  211ff4                                            ld	hl,$f41f
    69  8157  2260f8                                            ld	($f860),hl
    70  815a  2123f4                                            ld	hl,$f423
    71  815d  221ff4                                            ld	($f41f),hl
    72  8160  77                                                ld	(hl),a
    73  8161  212cf5                                            ld	hl,$f52c
    74  8164  2221f4                                            ld	($f421),hl
    75  8167  77                                                ld	(hl),a
    76  8168  212cf4                                            ld	hl,$f42c
    77  816b  2262f8                                            ld	($f862),hl
    78  816e  e1                                                pop	hl
    79  816f  c30146                                            jp	NEWSTT
    80                          
    81  8172  00000000          my_enaslt:	db	0,0,0,0
    82                          
    83  8176  3a5f53595354454d  call_system:	db	":_SYSTEM",$00
              00                
    84                          
    85                          	DEPHASE
    86                          
    87                          inst_length:	EQU	$-installer
    88                          
    89                          
    90                          ;##################################################################################################
    91                          
    92                          DRV_CODE:
    93                                                          PHASE	$E200
    94                          
    95                          DRV_START:
    96                          	INCLUDE "hook.asm"
hook.asm:
     1                                                          INCLUDE "../JIO_MSX-DOS/drv_jio.inc"
../JIO_MSX-DOS/drv_jio.inc:
     1                          
     2                          #define FLAG_RX_CRC                            (1 << 0)
     3                          #define FLAG_TX_CRC                            (1 << 1)
     4                          #define FLAG_TIMEOUT                           (1 << 2)
     5                          #define FLAG_AUTO_RETRY                        (1 << 3)
     6                          #define FLAG_SLOW_TX                           (1 << 4)
     7                          
     8                          #define COMMAND_DRIVE_REPORT_OK                0
     9                          #define COMMAND_DRIVE_REPORT_WRITE_PROTECTED   0  + 1
    10                          #define COMMAND_DRIVE_REPORT_DRIVE_NOT_READY   2  + 1
    11                          #define COMMAND_DRIVE_REPORT_CRC_ERROR         4  + 1
    12                          #define COMMAND_DRIVE_REPORT_WRITE_FAULT       10 + 1
    13                          
    14                          #define COMMAND_DRIVE_READ	               16
    15                          #define COMMAND_DRIVE_WRITE	               17
    16                          #define COMMAND_DRIVE_INFO	               18
    17                          #define COMMAND_DRIVE_DISK_CHANGED             19
    18                          #define RESULT_DRIVE_DISK_CHANGED              20
    19                          #define RESULT_DRIVE_DISK_UNCHANGED            21
    20                          
    21                          #define COMMAND_BDOS                           22
    22                          
    23                          #define DRIVE_ANSWER_WRITE_OK                  0x1111
    24                          #define DRIVE_ANSWER_WRITE_FAILED              0x2222
    25                          #define DRIVE_ANSWER_WRITE_PROTECTED           0x3333
    26                          #define DRIVE_ANSWER_DISK_CHANGED              0x4444
    27                          #define DRIVE_ANSWER_DISK_UNCHANGED            0x5555
    28                          
hook.asm:
     2                          
     3                          Hook:
     4  e200  f3                                                di
     5  e201  ed7336e2                                          ld                              (SPSave),sp
     6  e205  3142e2                                            ld                              sp,g_aoRegisters+10
     7  e208  dde5                                              push                            ix
     8  e20a  d5                                                push                            de
     9  e20b  e5                                                push                            hl
    10  e20c  f5                                                push                            af
    11  e20d  c5                                                push                            bc
    12  e20e  ed7b36e2                                          ld                              sp,(SPSave)
    13                          
    14  e212  cd18e4                                            call                            bDoCommand
    15                          
    16  e215  b7                                                or                              a
    17  e216  280e                                              jr                              z,OriginalCode
    18                          
    19  e218  3138e2                                            ld                              sp,g_aoRegisters
    20  e21b  c1                                                pop                             bc
    21  e21c  f1                                                pop                             af
    22  e21d  e1                                                pop                             hl
    23  e21e  d1                                                pop                             de
    24  e21f  dde1                                              pop                             ix
    25  e221  ed7b36e2                                          ld                              sp,(SPSave)
    26  e225  c9                                                ret
    27                          
    28                          OriginalCode:
    29  e226  3138e2                                            ld                              sp,g_aoRegisters
    30  e229  c1                                                pop                             bc
    31  e22a  f1                                                pop                             af
    32  e22b  e1                                                pop                             hl
    33  e22c  d1                                                pop                             de
    34  e22d  dde1                                              pop                             ix
    35  e22f  ed7b36e2                                          ld                              sp,(SPSave)
    36                          
    37  e233  c3                                                defb                            0xC3
    38  e234  00                Hook_OriginalCode:              nop
    39  e235  00                                                nop
    40                          
    41  e236  0000              SPSave:                         defw                            0
    42                          
    43  e238  0000000000000000  g_aoRegisters:                  defw                            0,0,0,0,0
              0000              
    44  e242  4a494f001600      g_oCommonHeader:                defb                            'J', 'I', 'O', 0, COMMAND_BDOS, 0
    45                          
installer.asm:
    97                          	INCLUDE "tmp/jio_nfs.asm"
tmp/jio_nfs.asm:
     1                          vTransmitString:
     2  e248  cda2e6            	CALL	_ENT_PARM_DIRECT_L09
     3  e24b  eb                	EX	DE,HL
     4  e24c  cdafe6            	CALL	_STRLEN_L11
     5  e24f  4d                	LD	C,L
     6  e250  44                	LD	B,H
     7  e251  03                	INC	BC
     8  e252  dd5e02            	LD	E,(IX+2)
     9  e255  dd5603            	LD	D,(IX+3)
    10  e258  cd2ce5            	CALL	vJIOTransmit
    11  e25b  c39be6            	JP	_LEAVE_DIRECT_L09
    12                          vReceive:
    13  e25e  cda2e6            	CALL	_ENT_PARM_DIRECT_L09
    14                          _0025:
    15                          _0001:
    16  e261  dd4e04            	LD	C,(IX+4)
    17  e264  dd4605            	LD	B,(IX+5)
    18  e267  dd5e02            	LD	E,(IX+2)
    19  e26a  dd5603            	LD	D,(IX+3)
    20  e26d  cdb8e5            	CALL	bJIOReceive
    21  e270  b7                	OR	A
    22  e271  28ee              	JR	Z,_0025
    23                          _0002:
    24                          _0000:
    25  e273  c39be6            	JP	_LEAVE_DIRECT_L09
    26                          vDOS_FIND_FIRST_ENTRY:
    27  e276  cda3e2            	CALL	_0036
    28  e279  2a3ee2            	LD	HL,(g_aoRegisters+6)
    29  e27c  46                	LD	B,(HL)
    30  e27d  04                	INC	B
    31  e27e  2009              	JR	NZ,_0004
    32                          _0003:
    33  e280  cdace2            	CALL	_0039
    34  e283  ed5b3ce2          	LD	DE,(g_aoRegisters+4)
    35  e287  1801              	JR	_0026
    36                          _0004:
    37  e289  eb                	EX	DE,HL
    38                          _0026:
    39  e28a  cd48e2            	CALL	vTransmitString
    40                          _0005:
    41                          _0027:
    42  e28d  013000            	LD	BC,48
    43  e290  ed5b40e2          	LD	DE,(g_aoRegisters+8)
    44  e294  cd5ee2            	CALL	vReceive
    45  e297  2a40e2            	LD	HL,(g_aoRegisters+8)
    46  e29a  012f00            	LD	BC,47
    47  e29d  09                	ADD	HL,BC
    48  e29e  7e                	LD	A,(HL)
    49  e29f  323be2            	LD	(g_aoRegisters+3),A
    50  e2a2  c9                	RET
    51                          _0036:
    52  e2a3  010100            	LD	BC,1
    53  e2a6  1139e2            	LD	DE,g_aoRegisters+1
    54  e2a9  c32ce5            	JP	vJIOTransmit
    55                          _0039:
    56  e2ac  0e30              	LD	C,48
    57  e2ae  eb                	EX	DE,HL
    58  e2af  c32ce5            	JP	vJIOTransmit
    59                          vDOS_FIND_NEXT_ENTRY:
    60  e2b2  013000            	LD	BC,48
    61  e2b5  ed5b40e2          	LD	DE,(g_aoRegisters+8)
    62  e2b9  cd2ce5            	CALL	vJIOTransmit
    63  e2bc  c38de2            	JP	_0027
    64                          vDOS_GET_ALLOCATION_INFO:
    65  e2bf  3e02              	LD	A,2
    66  e2c1  323be2            	LD	(g_aoRegisters+3),A
    67  e2c4  210002            	LD	HL,512
    68  e2c7  2238e2            	LD	(g_aoRegisters),HL
    69  e2ca  2160ea            	LD	HL,60000
    70  e2cd  223ee2            	LD	(g_aoRegisters+6),HL
    71  e2d0  213075            	LD	HL,30000
    72  e2d3  223ce2            	LD	(g_aoRegisters+4),HL
    73  e2d6  c9                	RET
    74                          vDOS_CHANGE_CURRENT_DIRECTORY:
    75  e2d7  ed5b3ee2          	LD	DE,(g_aoRegisters+6)
    76  e2db  cd48e2            	CALL	vTransmitString
    77                          _0028:
    78  e2de  010100            	LD	BC,1
    79                          _0029:
    80  e2e1  cde8e2            	CALL	_0041
    81  e2e4  c9                	RET
    82                          _0042:
    83  e2e5  010300            	LD	BC,3
    84                          _0041:
    85  e2e8  113be2            	LD	DE,g_aoRegisters+3
    86  e2eb  c35ee2            	JP	vReceive
    87                          vDOS_OPEN_FILE_HANDLE:
    88  e2ee  cd11e3            	CALL	_0037
    89  e2f1  2a3ee2            	LD	HL,(g_aoRegisters+6)
    90  e2f4  46                	LD	B,(HL)
    91  e2f5  04                	INC	B
    92  e2f6  2005              	JR	NZ,_0007
    93                          _0006:
    94  e2f8  cdace2            	CALL	_0039
    95  e2fb  1804              	JR	_0008
    96                          _0007:
    97  e2fd  eb                	EX	DE,HL
    98  e2fe  cd48e2            	CALL	vTransmitString
    99                          _0008:
   100  e301  010200            	LD	BC,2
   101  e304  1138e2            	LD	DE,g_aoRegisters
   102  e307  cd5ee2            	CALL	vReceive
   103  e30a  3a38e2            	LD	A,(g_aoRegisters)
   104  e30d  323be2            	LD	(g_aoRegisters+3),A
   105  e310  c9                	RET
   106                          _0037:
   107  e311  010100            	LD	BC,1
   108                          _0038:
   109  e314  113be2            	LD	DE,g_aoRegisters+3
   110  e317  c32ce5            	JP	vJIOTransmit
   111                          vDOS_CLOSE_FILE_HANDLE:
   112  e31a  cda3e2            	CALL	_0036
   113  e31d  c3dee2            	JP	_0028
   114                          vDOS_READ_FILE_HANDLE:
   115  e320  cd3ae3            	CALL	_0035
   116  e323  cd2ce5            	CALL	vJIOTransmit
   117  e326  cde5e2            	CALL	_0042
   118  e329  2a3ce2            	LD	HL,(g_aoRegisters+4)
   119  e32c  7d                	LD	A,L
   120  e32d  b4                	OR	H
   121  e32e  2809              	JR	Z,_0010
   122                          _0009:
   123  e330  4d                	LD	C,L
   124  e331  44                	LD	B,H
   125  e332  ed5b3ee2          	LD	DE,(g_aoRegisters+6)
   126  e336  cd5ee2            	CALL	vReceive
   127                          _0010:
   128  e339  c9                	RET
   129                          _0035:
   130  e33a  010100            	LD	BC,1
   131  e33d  1139e2            	LD	DE,g_aoRegisters+1
   132  e340  cd2ce5            	CALL	vJIOTransmit
   133  e343  010200            	LD	BC,2
   134  e346  113ce2            	LD	DE,g_aoRegisters+4
   135  e349  c9                	RET
   136                          vDOS_WRITE_FILE_HANDLE:
   137  e34a  cd3ae3            	CALL	_0035
   138  e34d  cd2ce5            	CALL	vJIOTransmit
   139  e350  2a3ce2            	LD	HL,(g_aoRegisters+4)
   140  e353  7d                	LD	A,L
   141  e354  b4                	OR	H
   142  e355  2809              	JR	Z,_0012
   143                          _0011:
   144  e357  4d                	LD	C,L
   145  e358  44                	LD	B,H
   146  e359  ed5b3ee2          	LD	DE,(g_aoRegisters+6)
   147  e35d  cd2ce5            	CALL	vJIOTransmit
   148                          _0012:
   149  e360  010300            	LD	BC,3
   150  e363  c3e1e2            	JP	_0029
   151                          vDOS_MOVE_FILE_POINTER:
   152  e366  cda3e2            	CALL	_0036
   153  e369  cd11e3            	CALL	_0037
   154  e36c  010400            	LD	BC,4
   155  e36f  113ce2            	LD	DE,g_aoRegisters+4
   156  e372  cd2ce5            	CALL	vJIOTransmit
   157  e375  010500            	LD	BC,5
   158  e378  c3e1e2            	JP	_0029
   159                          vDOS_GET_CURRENT_DIRECTORY:
   160  e37b  cda3e2            	CALL	_0036
   161  e37e  010100            	LD	BC,1
   162  e381  113ce2            	LD	DE,g_aoRegisters+4
   163  e384  cd93e3            	CALL	_0040
   164  e387  ed5b3ee2          	LD	DE,(g_aoRegisters+6)
   165  e38b  cd5ee2            	CALL	vReceive
   166  e38e  af                	XOR	A
   167  e38f  323be2            	LD	(g_aoRegisters+3),A
   168  e392  c9                	RET
   169                          _0040:
   170  e393  cd5ee2            	CALL	vReceive
   171  e396  ed4b3ce2          	LD	BC,(g_aoRegisters+4)
   172  e39a  0600              	LD	B,0
   173  e39c  c9                	RET
   174                          vDOS_CREATE_FILE_HANDLE:
   175  e39d  ed5b3ee2          	LD	DE,(g_aoRegisters+6)
   176  e3a1  cd48e2            	CALL	vTransmitString
   177  e3a4  cd11e3            	CALL	_0037
   178  e3a7  cda3e2            	CALL	_0036
   179  e3aa  c301e3            	JP	_0008
   180                          vDOS_ENSURE_FILE_HANDLE:
   181  e3ad  af                	XOR	A
   182  e3ae  323be2            	LD	(g_aoRegisters+3),A
   183  e3b1  c9                	RET
   184                          vDOS_GET_WHOLE_PATH:
   185  e3b2  2a3ee2            	LD	HL,(g_aoRegisters+6)
   186  e3b5  46                	LD	B,(HL)
   187  e3b6  04                	INC	B
   188  e3b7  2005              	JR	NZ,_0014
   189                          _0013:
   190  e3b9  cdace2            	CALL	_0039
   191  e3bc  1804              	JR	_0015
   192                          _0014:
   193  e3be  eb                	EX	DE,HL
   194  e3bf  cd48e2            	CALL	vTransmitString
   195                          _0015:
   196  e3c2  cde5e2            	CALL	_0042
   197  e3c5  ed4b3de2          	LD	BC,(g_aoRegisters+5)
   198  e3c9  0600              	LD	B,0
   199  e3cb  ed5b3ee2          	LD	DE,(g_aoRegisters+6)
   200  e3cf  cd93e3            	CALL	_0040
   201  e3d2  2a3ee2            	LD	HL,(g_aoRegisters+6)
   202  e3d5  09                	ADD	HL,BC
   203  e3d6  223ce2            	LD	(g_aoRegisters+4),HL
   204  e3d9  c9                	RET
   205                          vDOS_DELETE_FILE_SUBDIR:
   206  e3da  2a3ee2            	LD	HL,(g_aoRegisters+6)
   207  e3dd  46                	LD	B,(HL)
   208  e3de  04                	INC	B
   209  e3df  2005              	JR	NZ,_0017
   210                          _0016:
   211  e3e1  cdace2            	CALL	_0039
   212  e3e4  1804              	JR	_0018
   213                          _0017:
   214  e3e6  eb                	EX	DE,HL
   215  e3e7  cd48e2            	CALL	vTransmitString
   216                          _0018:
   217  e3ea  010100            	LD	BC,1
   218  e3ed  c3e1e2            	JP	_0029
   219                          vDOS_GET_SET_FILE_ATTRBIUTES:
   220  e3f0  2a3ee2            	LD	HL,(g_aoRegisters+6)
   221  e3f3  46                	LD	B,(HL)
   222  e3f4  04                	INC	B
   223  e3f5  2005              	JR	NZ,_0020
   224                          _0019:
   225  e3f7  cdace2            	CALL	_0039
   226  e3fa  1804              	JR	_0021
   227                          _0020:
   228  e3fc  eb                	EX	DE,HL
   229  e3fd  cd48e2            	CALL	vTransmitString
   230                          _0021:
   231  e400  010200            	LD	BC,2
   232  e403  cd14e3            	CALL	_0038
   233  e406  010200            	LD	BC,2
   234  e409  c3e1e2            	JP	_0029
   235                          vDOS_FILE_DATE_TIME:
   236  e40c  010700            	LD	BC,7
   237  e40f  cd14e3            	CALL	_0038
   238  e412  010500            	LD	BC,5
   239  e415  c3e1e2            	JP	_0029
   240                          bDoCommand:
   241  e418  2a38e2            	LD	HL,(g_aoRegisters)
   242  e41b  2600              	LD	H,0
   243  e41d  29                	ADD	HL,HL
   244  e41e  014ae4            	LD	BC,g_aDosHandlers
   245  e421  09                	ADD	HL,BC
   246  e422  7e                	LD	A,(HL)
   247  e423  23                	INC	HL
   248  e424  b6                	OR	(HL)
   249  e425  2822              	JR	Z,_0023
   250                          _0022:
   251  e427  3a38e2            	LD	A,(g_aoRegisters)
   252  e42a  3247e2            	LD	(g_oCommonHeader+5),A
   253  e42d  010600            	LD	BC,6
   254  e430  1142e2            	LD	DE,g_oCommonHeader
   255  e433  cd2ce5            	CALL	vJIOTransmit
   256  e436  2a38e2            	LD	HL,(g_aoRegisters)
   257  e439  2600              	LD	H,0
   258  e43b  29                	ADD	HL,HL
   259  e43c  014ae4            	LD	BC,g_aDosHandlers
   260  e43f  09                	ADD	HL,BC
   261  e440  46                	LD	B,(HL)
   262  e441  23                	INC	HL
   263  e442  66                	LD	H,(HL)
   264  e443  68                	LD	L,B
   265  e444  cdaee6            	CALL	_CALL_IND_L09
   266  e447  3e01              	LD	A,1
   267                          _0023:
   268                          _0024:
   269  e449  c9                	RET
   270                          g_aDosHandlers:
   271  e44a  0000              	DEFW	0
   272  e44c  0000              	DEFW	0
   273  e44e  0000              	DEFW	0
   274  e450  0000              	DEFW	0
   275  e452  0000              	DEFW	0
   276  e454  0000              	DEFW	0
   277  e456  0000              	DEFW	0
   278  e458  0000              	DEFW	0
   279  e45a  0000              	DEFW	0
   280  e45c  0000              	DEFW	0
   281  e45e  0000              	DEFW	0
   282  e460  0000              	DEFW	0
   283  e462  0000              	DEFW	0
   284  e464  0000              	DEFW	0
   285  e466  0000              	DEFW	0
   286  e468  0000              	DEFW	0
   287  e46a  0000              	DEFW	0
   288  e46c  0000              	DEFW	0
   289  e46e  0000              	DEFW	0
   290  e470  0000              	DEFW	0
   291  e472  0000              	DEFW	0
   292  e474  0000              	DEFW	0
   293  e476  0000              	DEFW	0
   294  e478  0000              	DEFW	0
   295  e47a  0000              	DEFW	0
   296  e47c  0000              	DEFW	0
   297  e47e  0000              	DEFW	0
   298  e480  bfe2              	DEFW	vDOS_GET_ALLOCATION_INFO
   299  e482  0000              	DEFW	0
   300  e484  0000              	DEFW	0
   301  e486  0000              	DEFW	0
   302  e488  0000              	DEFW	0
   303  e48a  0000              	DEFW	0
   304  e48c  0000              	DEFW	0
   305  e48e  0000              	DEFW	0
   306  e490  0000              	DEFW	0
   307  e492  0000              	DEFW	0
   308  e494  0000              	DEFW	0
   309  e496  0000              	DEFW	0
   310  e498  0000              	DEFW	0
   311  e49a  0000              	DEFW	0
   312  e49c  0000              	DEFW	0
   313  e49e  0000              	DEFW	0
   314  e4a0  0000              	DEFW	0
   315  e4a2  0000              	DEFW	0
   316  e4a4  0000              	DEFW	0
   317  e4a6  0000              	DEFW	0
   318  e4a8  0000              	DEFW	0
   319  e4aa  0000              	DEFW	0
   320  e4ac  0000              	DEFW	0
   321  e4ae  0000              	DEFW	0
   322  e4b0  0000              	DEFW	0
   323  e4b2  0000              	DEFW	0
   324  e4b4  0000              	DEFW	0
   325  e4b6  0000              	DEFW	0
   326  e4b8  0000              	DEFW	0
   327  e4ba  0000              	DEFW	0
   328  e4bc  0000              	DEFW	0
   329  e4be  0000              	DEFW	0
   330  e4c0  0000              	DEFW	0
   331  e4c2  0000              	DEFW	0
   332  e4c4  0000              	DEFW	0
   333  e4c6  0000              	DEFW	0
   334  e4c8  0000              	DEFW	0
   335  e4ca  76e2              	DEFW	vDOS_FIND_FIRST_ENTRY
   336  e4cc  b2e2              	DEFW	vDOS_FIND_NEXT_ENTRY
   337  e4ce  76e2              	DEFW	vDOS_FIND_FIRST_ENTRY
   338  e4d0  eee2              	DEFW	vDOS_OPEN_FILE_HANDLE
   339  e4d2  9de3              	DEFW	vDOS_CREATE_FILE_HANDLE
   340  e4d4  1ae3              	DEFW	vDOS_CLOSE_FILE_HANDLE
   341  e4d6  ade3              	DEFW	vDOS_ENSURE_FILE_HANDLE
   342  e4d8  0000              	DEFW	0
   343  e4da  20e3              	DEFW	vDOS_READ_FILE_HANDLE
   344  e4dc  4ae3              	DEFW	vDOS_WRITE_FILE_HANDLE
   345  e4de  66e3              	DEFW	vDOS_MOVE_FILE_POINTER
   346  e4e0  0000              	DEFW	0
   347  e4e2  0000              	DEFW	0
   348  e4e4  dae3              	DEFW	vDOS_DELETE_FILE_SUBDIR
   349  e4e6  0000              	DEFW	0
   350  e4e8  0000              	DEFW	0
   351  e4ea  f0e3              	DEFW	vDOS_GET_SET_FILE_ATTRBIUTES
   352  e4ec  0000              	DEFW	0
   353  e4ee  0000              	DEFW	0
   354  e4f0  0000              	DEFW	0
   355  e4f2  0000              	DEFW	0
   356  e4f4  0000              	DEFW	0
   357  e4f6  0ce4              	DEFW	vDOS_FILE_DATE_TIME
   358  e4f8  0000              	DEFW	0
   359  e4fa  0000              	DEFW	0
   360  e4fc  7be3              	DEFW	vDOS_GET_CURRENT_DIRECTORY
   361  e4fe  d7e2              	DEFW	vDOS_CHANGE_CURRENT_DIRECTORY
   362  e500  0000              	DEFW	0
   363  e502  0000              	DEFW	0
   364  e504  0000              	DEFW	0
   365  e506  b2e3              	DEFW	vDOS_GET_WHOLE_PATH
   366  e508  0000              	DEFW	0
   367  e50a  0000              	DEFW	0
   368  e50c  0000              	DEFW	0
   369  e50e  0000              	DEFW	0
   370  e510  0000              	DEFW	0
   371  e512  0000              	DEFW	0
   372  e514  0000              	DEFW	0
   373  e516  0000              	DEFW	0
   374  e518  0000              	DEFW	0
   375  e51a  0000              	DEFW	0
   376  e51c  0000              	DEFW	0
   377  e51e  0000              	DEFW	0
   378  e520  0000              	DEFW	0
   379  e522  0000              	DEFW	0
   380  e524  0000              	DEFW	0
   381  e526  0000              	DEFW	0
   382  e528  0000              	DEFW	0
   383  e52a  0000              	DEFW	0
   384                          
installer.asm:
    98                          	INCLUDE "transmit.asm"
transmit.asm:
     1                          ;********************************************************************************************************************************
     2                          ; IN:  HL = DATA
     3                          ;      BC = LENGTH
     4                          ;********************************************************************************************************************************
     5                          
     6                          vJIOTransmit:
     7  e52c  d9                                                exx
     8  e52d  c5                                                push                            bc
     9  e52e  d5                                                push                            de
    10  e52f  d9                                                exx
    11                          
    12  e530  cd38e5                                            call                            vJIOTransmit2
    13                          
    14  e533  d9                                                exx
    15  e534  d1                                                pop                             de
    16  e535  c1                                                pop                             bc
    17  e536  d9                                                exx
    18  e537  c9                                                ret
    19                          
    20                          vJIOTransmit2:
    21  e538  eb                                                ex                              de,hl
    22  e539  03                                                inc	bc
    23  e53a  d9                                                exx
    24  e53b  3e0f                                              ld	a,15
    25  e53d  d3a0                                              out	($a0),a
    26  e53f  dba2                                              in	a,($a2)
    27  e541  f604                                              or	4
    28  e543  5f                                                ld	e,a
    29  e544  ee04                                              xor	4
    30  e546  57                                                ld	d,a
    31  e547  0ea1                                              ld	c,$a1
    32                          
    33  e549  3e                                                db	$3e
    34                          JIOTransmitLoop:
    35  e54a  c0                                                ret	nz
    36  e54b  ed59                                              out	(c),e
    37  e54d  d9                                                exx
    38  e54e  7e                                                ld	a,(hl)
    39  e54f  eda1                                              cpi
    40  e551  e0                                                ret	po
    41  e552  d9                                                exx
    42  e553  0f                                                rrca
    43  e554  ed51                                              out	(c),d	; =0
    44  e556  c0                                                ret	nz
    45  e557  da89e5                                            jp	c,TRANSMIT10
    46  e55a  ed51                                              out	(c),d	; -0
    47  e55c  0f                                                rrca
    48  e55d  da8fe5                                            jp	c,TRANSMIT11
    49                          ;________________________________________________________________________________________________________________________________
    50                          
    51                          TRANSMIT01:
    52  e560  ed51                                              out	(c),d	; -1
    53  e562  0f                                                rrca
    54  e563  3830                                              jr	c,TRANSMIT12
    55  e565  00                                                nop
    56                          
    57                          TRANSMIT02:
    58  e566  ed51                                              out	(c),d	; -0
    59  e568  0f                                                rrca
    60  e569  da9be5                                            jp	c,TRANSMIT13
    61                          
    62                          TRANSMIT03:
    63  e56c  ed51                                              out	(c),d	; -1
    64  e56e  0f                                                rrca
    65  e56f  3830                                              jr	c,TRANSMIT14
    66  e571  00                                                nop
    67                          
    68                          TRANSMIT04:
    69  e572  ed51                                              out	(c),d	; -0
    70  e574  0f                                                rrca
    71  e575  daa7e5                                            jp	c,TRANSMIT15
    72                          
    73                          TRANSMIT05:
    74  e578  ed51                                              out	(c),d	; -1
    75  e57a  0f                                                rrca
    76  e57b  3830                                              jr	c,TRANSMIT16
    77  e57d  00                                                nop
    78                          
    79                          TRANSMIT06:
    80  e57e  ed51                                              out	(c),d	; -0
    81  e580  0f                                                rrca
    82  e581  dab3e5                                            jp	c,TRANSMIT17
    83                          
    84                          TRANSMIT07:
    85  e584  ed51                                              out	(c),d	; -1
    86  e586  c34ae5                                            jp	JIOTransmitLoop
    87                          ;________________________________________________________________________________________________________________________________
    88                          
    89                          TRANSMIT10:
    90  e589  ed59              	out	(c),e	; -0
    91  e58b  0f                                                rrca
    92  e58c  d260e5                                            jp	nc,TRANSMIT01
    93                          
    94                          TRANSMIT11:
    95  e58f  ed59              	out	(c),e	; -1
    96  e591  0f                                                rrca
    97  e592  30d2                                              jr	nc,TRANSMIT02
    98  e594  00                                                nop
    99                          
   100                          TRANSMIT12:
   101  e595  ed59                                              out	(c),e	; -0
   102  e597  0f                                                rrca
   103  e598  d26ce5                                            jp	nc,TRANSMIT03
   104                          
   105                          TRANSMIT13:
   106  e59b  ed59                                              out	(c),e	; -1
   107  e59d  0f                                                rrca
   108  e59e  30d2                                              jr	nc,TRANSMIT04
   109  e5a0  00                                                nop
   110                          
   111                          TRANSMIT14:
   112  e5a1  ed59                                              out	(c),e	; -0
   113  e5a3  0f                                                rrca
   114  e5a4  d278e5                                            jp	nc,TRANSMIT05
   115                          
   116                          TRANSMIT15:
   117  e5a7  ed59                                              out	(c),e	; -1
   118  e5a9  0f                                                rrca
   119  e5aa  30d2                                              jr	nc,TRANSMIT06
   120  e5ac  00                                                nop
   121                          
   122                          TRANSMIT16:
   123  e5ad  ed59                                              out	(c),e	; -0
   124  e5af  0f                                                rrca
   125  e5b0  d284e5                                            jp	nc,TRANSMIT07
   126                          
   127                          TRANSMIT17:
   128  e5b3  ed59                                              out	(c),e	; -1
   129  e5b5  c34ae5                                            jp	JIOTransmitLoop
   130                          
installer.asm:
    99                          	INCLUDE "receive.asm"
receive.asm:
     1                          
     2                          bJIOReceive:
     3  e5b8  62                                                ld                              h,d
     4  e5b9  6b                                                ld                              l,e
     5                          
     6  e5ba  50                                                ld                              d,b
     7  e5bb  59                                                ld                              e,c
     8                          
     9  e5bc  dde5                                              push	ix
    10  e5be  d5                                                push	de
    11                          
    12  e5bf  110000                                            ld                              de,0
    13                          
    14  e5c2  2b                                                dec	hl
    15  e5c3  46                                                ld	b,(hl)	; What if HL=0 ?
    16  e5c4  0ea2                                              ld	c,$a2
    17  e5c6  dd210000                                          ld	ix,0
    18  e5ca  dd39                                              add	ix,sp
    19  e5cc  3e0f                                              ld	a,15
    20  e5ce  d3a0                                              out	($a0),a
    21  e5d0  dba2                                              in	a,($a2)
    22  e5d2  f640                                              or	64
    23  e5d4  d3a1                                              out	($a1),a
    24  e5d6  3e0e                                              ld	a,14
    25  e5d8  d3a0                                              out	($a0),a
    26  e5da  dba2                                              in	a,($a2)
    27  e5dc  f601                                              or	1
    28  e5de  ea3ae6                                            jp	pe,HeaderPE
    29                          ;________________________________________________________________________________________________________________________________
    30                          
    31                          HeaderPO:
    32  e5e1  1b                                                dec	de	;  7
    33  e5e2  7a                                                ld	a,d	;  5
    34  e5e3  b3                                                or	e	;  5
    35  e5e4  284f                                              jr	z,ReceiveTimeOut                ;  8
    36                          
    37  e5e6  ed70                                              in	f,(c)	; 14
    38  e5e8  e2e1e5                                            jp	po,HeaderPO	; 11   LOOP=50 (2-CLOCKS)
    39  e5eb  cb07                                              rlc	a
    40  e5ed  ed70                                              in	f,(c)	; 14
    41  e5ef  e2e1e5                                            jp	po,HeaderPO	; 11   At least 2 clocks needed to be down
    42                          
    43                          WU_PO:
    44  e5f2  ed70                                              in	f,(c)	; 14
    45  e5f4  eaf2e5                                            jp	pe,WU_PO	; 11   LOOP=25
    46  e5f7  d1                                                pop	de
    47  e5f8  d5                                                push	de
    48                          
    49                          RX_PO:
    50  e5f9  ed70                                              in	f,(c)	; 14
    51  e5fb  e2f9e5                                            jp	po,RX_PO	; 11   LOOP=25
    52  e5fe  70                                                ld	(hl),b	;  8  = 33 CYCLES
    53                          
    54  e5ff  ed78                                              in	a,(c)	; 14   Bit 0
    55  e601  00                                                nop		;  5
    56  e602  0f                                                rrca		;  5
    57  e603  1b                                                dec	de	;  7 = 31 CYCLES
    58                          
    59  e604  ed40                                              in	b,(c)	; 14   Bit 1
    60  e606  a8                                                xor	b	;  5
    61  e607  0f                                                rrca		;  5
    62  e608  23                                                inc	hl	;  7 = 31 CYCLES
    63                          
    64  e609  ed40                                              in	b,(c)	; 14   Bit 2
    65  e60b  a8                                                xor	b	;  5
    66  e60c  0f                                                rrca		;  5
    67  e60d  f9                                                ld	sp,hl	;  7 = 31 CYCLES
    68                          
    69  e60e  ed40                                              in	b,(c)	; 14   Bit 3
    70  e610  a8                                                xor	b	;  5
    71  e611  0f                                                rrca		;  5
    72  e612  f9                                                ld	sp,hl	;  7 = 31 CYCLES
    73                          
    74  e613  ed40                                              in	b,(c)	; 14   Bit 4
    75  e615  a8                                                xor	b	;  5
    76  e616  0f                                                rrca		;  5
    77  e617  f9                                                ld	sp,hl	;  7 = 31 CYCLES
    78                          
    79  e618  ed40                                              in	b,(c)	; 14   Bit 5
    80  e61a  a8                                                xor	b	;  5
    81  e61b  0f                                                rrca		;  5
    82  e61c  f9                                                ld	sp,hl	;  7 = 31 CYCLES
    83                          
    84  e61d  ed40                                              in	b,(c)	; 14   Bit 6
    85  e61f  a8                                                xor	b	;  5
    86  e620  0f                                                rrca		;  5
    87  e621  f9                                                ld	sp,hl	;  7 = 31 CYCLES
    88                          
    89  e622  ed40                                              in	b,(c)	; 14   Bit 7
    90  e624  a8                                                xor	b	;  5
    91  e625  0f                                                rrca		;  5
    92                          
    93  e626  47                                                ld	b,a	;  5
    94  e627  7a                                                ld	a,d	;  5
    95  e628  b3                                                or	e	;  5
    96  e629  c2f9e5                                            jp	nz,RX_PO	; 11
    97                          ;________________________________________________________________________________________________________________________________
    98                          
    99                          ReceiveOK:
   100  e62c  70                                                ld	(hl),b
   101  e62d  ddf9                                              ld	sp,ix
   102                          
   103  e62f  d1                                                pop	de
   104  e630  dde1                                              pop	ix
   105  e632  3e01                                              ld                              a,1
   106  e634  c9                                                ret
   107                          
   108                          ReceiveTimeOut:
   109  e635  d1                                                pop	de
   110  e636  dde1                                              pop	ix
   111  e638  af                                                xor                             a
   112  e639  c9                                                ret
   113                          ;________________________________________________________________________________________________________________________________
   114                          
   115                          HeaderPE:
   116  e63a  1b                                                dec	de	;  7
   117  e63b  7a                                                ld	a,d	;  5
   118  e63c  b3                                                or	e	;  5
   119  e63d  28f6                                              jr	z,ReceiveTimeOut	;  8
   120                          
   121  e63f  ed70                                              in	f,(c)	; 14
   122  e641  ea3ae6                                            jp	pe,HeaderPE	; 11   LOOP= 50 (2-CLOCKS)
   123  e644  cb07                                              rlc	a	; 10
   124  e646  ed70                                              in	f,(c)	; 14
   125  e648  ea3ae6                                            jp	pe,HeaderPE	; 11   At least 2 clocks needed to be down
   126                          
   127                          WU_PE:
   128  e64b  ed70                                              in	f,(c)	; 14
   129  e64d  e24be6                                            jp	po,WU_PE	; 11   LOOP=25
   130  e650  d1                                                pop	de
   131  e651  d5                                                push	de
   132                          
   133                          RX_PE:
   134  e652  ed70                                              in	f,(c)	; 14
   135  e654  ea52e6                                            jp	pe,RX_PE	; 11   LOOP=25
   136  e657  70                                                ld	(hl),b	;  8 = 33 CYCLES
   137                          
   138  e658  ed78                                              in	a,(c)	; 14   Bit 0
   139  e65a  2f                                                cpl		;  5
   140  e65b  0f                                                rrca		;  5
   141  e65c  1b                                                dec	de	;  7 = 31 CYCLES
   142                          
   143  e65d  ed40                                              in	b,(c)	; 14   Bit 1
   144  e65f  a8                                                xor	b	;  5
   145  e660  0f                                                rrca		;  5
   146  e661  23                                                inc	hl	;  7 = 31 CYCLES
   147                          
   148  e662  ed40                                              in	b,(c)	; 14   Bit 2
   149  e664  a8                                                xor	b	;  5
   150  e665  0f                                                rrca		;  5
   151  e666  f9                                                ld	sp,hl	;  7 = 31 CYCLES
   152                          
   153  e667  ed40                                              in	b,(c)	; 14   Bit 3
   154  e669  a8                                                xor	b	;  5
   155  e66a  0f                                                rrca		;  5
   156  e66b  f9                                                ld	sp,hl	;  7 = 31 CYCLES
   157                          
   158  e66c  ed40                                              in	b,(c)	; 14   Bit 4
   159  e66e  a8                                                xor	b	;  5
   160  e66f  0f                                                rrca		;  5
   161  e670  f9                                                ld	sp,hl	;  7 = 31 CYCLES
   162                          
   163  e671  ed40                                              in	b,(c)	; 14   Bit 5
   164  e673  a8                                                xor	b	;  5
   165  e674  0f                                                rrca		;  5
   166  e675  f9                                                ld	sp,hl	;  7 = 31 CYCLES
   167                          
   168  e676  ed40                                              in	b,(c)	; 14   Bit 6
   169  e678  a8                                                xor	b	;  5
   170  e679  0f                                                rrca		;  5
   171  e67a  f9                                                ld	sp,hl	;  7 = 31 CYCLES
   172                          
   173  e67b  ed40                                              in	b,(c)	; 14   Bit 7
   174  e67d  a8                                                xor	b	;  5
   175  e67e  0f                                                rrca		;  5
   176                          
   177  e67f  47                                                ld	b,a	;  5
   178  e680  7a                                                ld	a,d	;  5
   179  e681  b3                                                or	e	;  5
   180  e682  c252e6                                            jp	nz,RX_PE	; 11
   181                          
   182  e685  18a5                                              jr	ReceiveOK
   183                          
installer.asm:
   100                                                          INCLUDE "iar_crt.asm"
iar_crt.asm:
     1                          
     2                          _ENT_AUTO_DIRECT_L09:
     3  e687  e1                                                pop                             hl
     4  e688  c5                                                push                            bc
     5  e689  d5                                                push                            de
     6  e68a  dde5                                              push                            ix
     7  e68c  dd210000                                          ld                              ix,0
     8  e690  dd39                                              add                             ix,sp
     9  e692  5e                                                ld                              e,(hl)
    10  e693  23                                                inc                             hl
    11  e694  56                                                ld                              d,(hl)
    12  e695  23                                                inc                             hl
    13  e696  eb                                                ex                              de,hl
    14  e697  39                                                add                             hl,sp
    15  e698  f9                                                ld                              sp,hl
    16  e699  eb                                                ex                              de,hl
    17  e69a  e9                                                jp                              (hl)
    18                          
    19                          _LEAVE_DIRECT_L09:
    20  e69b  ddf9                                              ld                              sp,ix
    21  e69d  dde1                                              pop                             ix
    22  e69f  d1                                                pop                             de
    23  e6a0  c1                                                pop                             bc
    24  e6a1  c9                                                ret
    25                          
    26                          _ENT_PARM_DIRECT_L09:
    27  e6a2  e1                                                pop                             hl
    28  e6a3  c5                                                push                            bc
    29  e6a4  d5                                                push                            de
    30  e6a5  dde5                                              push                            ix
    31  e6a7  dd210000                                          ld                              ix,0
    32  e6ab  dd39                                              add                             ix,sp
    33  e6ad  e9                                                jp                              (hl)
    34                          
    35                          _CALL_IND_L09:
    36  e6ae  e9                                                jp                              (hl)
    37                          
    38                          
    39                          _STRLEN_L11:
    40  e6af  c5                                                push                            bc
    41  e6b0  f5                                                push                            af
    42                          
    43  e6b1  af                                                xor                             a
    44  e6b2  47                                                ld                              b,a
    45  e6b3  4f                                                ld                              c,a
    46  e6b4  edb1                                              cpir
    47  e6b6  21ffff                                            ld                              hl,0xFFFF
    48  e6b9  ed42                                              sbc                             hl,bc
    49                          
    50  e6bb  f1                                                pop                             af
    51  e6bc  c1                                                pop                             bc
    52  e6bd  c9                                                ret
    53                          
installer.asm:
   101                          DRV_END:
   102                          
   103                                                          DEPHASE
   104                          
   105                          DRV_LENGTH                      EQU DRV_END - DRV_START
   106                          
